date;GDP_AUS;CPI_AUS;CPI_CAN;CPI_CHE;CPI_UKD;CPI_INO;CPI_INA;CPI_JPN;CPI_KOR;CPI_USA;GDP_CAN;GDP_CHE;GDP_UKD;GDP_INO;GDP_INA;GDP_JPN;GDP_KOR;GDP_USA
1956-01-01;;3,076923;0,2364066;0,6385257;5,537024;;;-0,7526882;;0,3745318;;;;;;;;
1956-04-01;;6,060606;0,4728132;1,413311;6,551241;;;0,4667864;;1,248439;;;;;;;;
1956-07-01;;7,575758;2,122642;1,930443;4,664071;;;0,395399;;1,987578;;;;;;;;
1956-10-01;;5,970149;2,58216;2,055789;3,244983;;;1,482285;;2,48139;;;;;;;;
1957-01-01;;5,970149;3,301887;2,138977;3,816794;;;2,564103;;3,358209;;;;;;;;
1957-04-01;;2,857143;4;1,794122;2,340702;;;2,751966;;3,575832;;;;;;;;
1957-07-01;;1,408451;3,233256;1,816734;4,144908;;;4,511278;;3,410475;;;;;;;;
1957-10-01;;1,408451;2,745996;2,108415;4,46313;;;2,565016;;3,026634;;;;;;;;
1958-01-01;;1,408451;2,968036;2,131379;3,612532;;3,052805;0,2816902;;3,489771;;;;;;;;
1958-04-01;;0;2,488688;2,321222;4,5108;;2,72;-0,7652174;;3,214286;;;;;;;;
1958-07-01;;0;1,789709;1,858868;1,911626;;6,171875;-1,438849;;2,237927;;;;;;;;
1958-10-01;;1,388889;2,227171;1,070005;1,981424;;7,009346;0,0347343;;1,99765;;;;;;;;
1959-01-01;;1,388889;1,552106;0,2755824;2,128973;;6,485188;0,6320225;;0,9302326;;;;;;;;
1959-04-01;;1,388889;0,6622517;-1,002893;-0,3343465;;4,984424;0,806169;;0,461361;;;;;;;;
1959-07-01;;2,777778;1,318681;-1,167437;0,5535055;;3,605592;1,042753;;1,036866;;;;;;;;
1959-10-01;;2,739726;1,30719;-0,6941947;0;;3,347889;1,840278;;1,612903;;;;;;;;
1960-01-01;;2,739726;1,310044;0,3329378;-0,4531722;;3,684211;3,384508;8,0298342;1,497696;;;;;;;;
1960-04-01;;4,109589;1,973684;1,574372;1,097896;;3,338279;3,963839;9,1533014;1,722158;;;;;;;;
1960-07-01;;4,054054;0,8676789;2,01282;1,529052;;1,136364;3,611971;9,4713077;1,254276;;;;;;;;
1960-10-01;;4;1,290323;1,836358;1,851852;;-0,8450704;3,341289;5,2559268;1,360544;;;;;;;;
1961-01-01;3,09357;4;1,508621;1,468512;2,367223;;1,232777;4,049949;10,564426;1,475596;;;3,02388;;;;7,27803;-0,66752
1961-04-01;-0,76759;3,947368;1,290323;1,385742;3,016591;;1,076813;3,812709;8,0557645;0,9029346;;;4,18112;;;;7,09367;1,56578
1961-07-01;-1,70248;1,298701;1,290323;1,610139;4,156627;;1,544944;5,312085;7,5741927;1,238739;;;2,14305;;;;6,32077;3,01153
1961-10-01;-0,39404;0;0;2,904633;4,232489;;2,911932;8,248103;6,6686765;0,671141;;;1,36116;;;;7,06139;6,3975
1962-01-01;2,09612;0;0;4,107504;4,715387;;3,151862;7,719753;1,0270516;0,8948546;9,28878;;0,15864;;;;5,80717;7,56916
1962-04-01;5,21082;-1,265823;0,8492569;4,820459;5,629575;;3,764205;8,408505;5,3769807;1,342282;7,43693;;0,68889;;;;-0,46581;6,73027
1962-07-01;6,82389;0;1,4862;4,862795;3,84037;;3,872752;6,935687;7,5874018;1,223582;6,22603;;1,80916;;;;4,3527;6,00687
1962-10-01;7,52284;0;1,910828;3,48856;2,648699;;3,726708;4,419384;12,5355232;1,333333;6,85668;;1,6344;;;;5,98343;4,30985
1963-01-01;7,00227;0;1,910828;3,632459;3,127079;;2,013889;6,623012;15,9275581;1,219512;4,74697;;1,65931;;;;10,00225;3,60111
1963-04-01;3,62514;0;1,052632;3,192185;1,563518;;2,600958;7,006347;14,1780842;1,103753;5,43244;;5,06869;;;;9,45253;3,82459
1963-07-01;7,01631;1,282051;1,882845;3,059139;1,3089;;2,596538;6,742375;27,4188038;1,208791;4,89218;;4,8913;;;;9,84346;4,8187
1963-10-01;7,37773;1,282051;1,666667;3,877496;2,094926;;4,524285;6,458992;24,6228618;1,425439;6,09302;;7,6597;;;;6,86818;5,15981
1964-01-01;4,78382;2,564103;1,875;3,334289;1,516129;;9,257998;3,340841;37,0178395;1,533406;8,06371;;7,87897;;;;6,98039;6,21734
1964-04-01;8,77756;2,564103;2,5;3,524113;2,79025;;11,07405;3,322259;40,5282362;1,310044;6,9135;;5,33241;;;;6,4147;6,18231
1964-07-01;5,13913;2,531646;1,64271;3,000845;4,328166;;14,92537;3,377386;18,0871413;1,194354;7,23963;;5,25537;;;;10,03104;5,52129
1964-10-01;5,85868;3,797468;1,639344;2,477789;4,488618;;17,82304;5,138484;24,8433732;1,081081;4,507;;4,46551;;;;14,34704;5,15781
1965-01-01;6,92263;2,5;1,840491;2,467226;4,512234;;14,33022;6,865238;15,2814833;1,078749;5,1979;;3,49711;;;;9,2842;5,4783
1965-04-01;5,98365;3,75;2,235772;2,779068;5,179407;;9,78979;7,216863;11,1316547;1,724138;5,76494;;1,65929;;;;12,77337;5,66027
1965-07-01;5,02042;3,703704;2,424242;3,80775;4,829721;;8,752117;6,534091;17,4485294;1,716738;6,10847;;2,10485;;;;4,75251;6,34748
1965-10-01;2,36688;3,658537;2,822581;4,58163;4,571955;;5,672609;6,031196;10,6111686;1,818182;8,16643;;1,23753;;;;3,05344;8,46227
1966-01-01;1,22056;4,878049;3,614458;5,367367;4,378231;;7,19346;5,812373;8,3825364;2,347919;6,87159;;1,66133;;;;7,98894;8,47702
1966-04-01;1,025;3,614458;3,976143;5,140744;3,797093;;11,76149;5,064978;10,0064298;2,754237;8,18809;;2,19723;;;;14,41891;7,48934
1966-07-01;4,18717;2,380952;3,944773;4,318785;3,662138;;11,52648;5,166667;10,7858608;3,270042;6,64805;;1,70938;;;;13,33743;6,04211
1966-10-01;4,61807;2,352941;3,72549;4,303914;3,814554;;12,57669;4,151683;15,7725924;3,676471;5,38687;;0,66076;;;;12,22857;4,5044
1967-01-01;9,01666;2,325581;3,100775;3,953842;3,612001;;14,23488;4,272406;12,0540167;3,023983;3,14237;;1,85745;;;;9,31098;2,92507
1967-04-01;7,38828;3,488372;3,250478;3,804815;2,543584;;14,43955;2,88614;11,3830642;2,680412;3,0663;;2,67592;;;;5,08457;2,63774
1967-07-01;6,39761;4,651163;3,98482;4,562634;1,680912;;12,84916;3,232964;9,7500178;2,655771;3,44062;;2,75418;;;;11,35976;2,73874
1967-10-01;6,62133;3,448276;3,969754;3,701609;2,119842;;10,9446;5,555555;10,4515861;2,735562;2,6195;;3,72519;;;;10,62251;2,67093
1968-01-01;1,70221;3,409091;4,511278;3,520243;3,008153;;9,212283;5,268022;13,0443714;3,846154;3,72799;;6,1156;;;;13,82573;3,84482
1968-04-01;5,7694;2,247191;3,518518;2,463337;4,542921;;3,378956;5,579532;9,7868153;4,016064;4,34281;;4,22271;;;;13,13874;5,51468
1968-07-01;5,19277;2,222222;3,832117;1,43562;5,63183;;1,19637;5,956402;9,5522388;4,477612;5,46364;;5,82658;;;;14,21701;5,33535
1968-10-01;8,17295;2,222222;4,363636;2,191056;5,590922;;-0,3683995;4,579245;10,8108108;4,733728;6,46017;;5,66172;;;;11,53128;4,95786
1969-01-01;8,38931;3,296703;3,776978;2,332819;6,222707;28,17869;-4,197229;3,424056;10,9213156;4,775828;7,00556;;1,71358;;;;10,21817;4,46943
1969-04-01;6,43946;3,296703;5,366726;2,619081;5,385231;19,93356;-0,2482416;5,051095;11,3879429;5,501931;4,63286;;2,90066;;;;12,36949;3,06478
1969-07-01;6,79172;3,26087;4,745167;2,70602;5,066313;11,41141;1,141459;6,606781;12,5103661;5,619048;4,34042;;1,47791;;;;15,50048;2,94761
1969-10-01;5,32631;3,26087;4,355401;2,300587;5,137615;5,449591;0,9860312;5,885698;14,5945334;5,932203;4,36966;;1,57274;;;;19,86887;2,04421
1970-01-01;8,26599;2,12766;5,025997;2,311936;5,010277;13,13673;4,76393;7,739806;16,4973788;6,046512;3,59635;;1,14029;;;;12,10801;0,32279
1970-04-01;8,29773;3,191489;3,395586;2,951498;5,86896;15,23546;5,184571;7,331814;17,7117417;6,038426;3,18047;;2,78751;;;;12,72429;0,16112
1970-07-01;6,30704;3,157895;3,020134;3,952086;6,841707;12,39892;4,433696;5,195665;15,804991;5,680793;3,10443;;3,2106;;;;4,96029;0,42134
1970-10-01;4,40796;5,263158;2,003339;5,22462;7,703815;9,043927;5,980472;6,839323;13,9703704;5,6;1,82216;;3,65012;;;;10,8184;-0,16735
1971-01-01;3,5196;5,208333;1,320132;6,236299;8,588206;6,398104;3,532278;6,030702;15,7455585;5;0,67618;;3,81143;;;;13,36084;2,69716
1971-04-01;1,91765;5,154639;2,134647;6,809388;9,844684;5,048077;1,104101;6,378378;12,750057;4,400345;3,60713;;3,20711;;;;12,52859;3,10644
1971-07-01;5,33823;7,142857;3,094463;6,660718;10,11342;2,158273;3,396372;7,335491;15,0027278;4,351536;5,37976;;3,99028;;;;12,05285;3,00528
1971-10-01;4,50013;7;4,255319;6,582176;9,212963;3,317536;4,261036;5,771249;10,7500325;3,451179;6,37001;;3,46164;;;;4,81866;4,36555
1972-01-01;1,99737;6,930693;5,04886;6,575103;7,954033;0,8908686;5,215686;4,653568;9,1244128;3,42523;6,56229;;4,16246;;;;5,7322;3,47251
1972-04-01;3,83485;6,862745;4,662379;6,461566;6,177942;3,203661;6,630265;5,081301;13,2764822;3,140496;6,47435;;5,02667;;;;5,42304;5,25138
1972-07-01;0,16523;5,714286;5,055292;6,604351;6,459228;4,460094;6,905562;4,824121;13,7650221;3,025347;3,91845;;3,52714;;;;6,95398;5,37836
1972-10-01;1,55271;4,672897;5,180534;6,987857;7,715134;17,66055;6,958763;4,861111;10,5751174;3,49878;5,20948;;4,72833;;;;10,66979;6,89181
1973-01-01;5,4541;5,555555;5,736434;7,715303;7,931538;20,75055;10,02609;7,312253;4,8914455;4,038772;8,27197;;9,64341;;;;12,70998;7,56118
1973-04-01;3,34046;8,256881;7,066052;8,193712;9,32186;27,93792;15,2158;10,34816;1,8909662;5,528846;6,29161;;7,03211;;;;14,07481;6,31955
1973-07-01;4,91603;9,90991;7,969925;8,268816;9,191695;42,47191;19,02933;12,6558;0,7436236;6,825397;6,46992;;5,75224;;;;17,93762;4,77135
1973-10-01;6,40765;12,5;9,104478;10,75898;10,27155;32,94347;22,89157;15,89404;5,4700492;8,254717;5,94516;;3,72589;;;;14,76535;4,02406
1974-01-01;3,74707;14,03509;9,67742;10,39818;12,86935;45,52102;26,08401;23,2965;17,9244949;9,937888;4,14899;;-3,86898;;;;15,72943;0,639
1974-04-01;1,45095;14,40678;11,04735;9,396689;15,88516;47,14038;28,73016;22,61174;23,9547587;10,55429;4,22301;;-2,67513;;;;10,76964;-0,20826
1974-07-01;1,63422;16,39344;11,00279;10,55827;17,02031;36,2776;30,91816;23,48936;27,6628035;11,44131;3,76059;;-1,17278;;;;7,04942;-0,62904
1974-10-01;-0,74275;16,66667;12,1751;8,777616;18,18084;34,75073;28,34734;23,42857;27,4212486;12,20044;1,35065;;-2,24391;;;;5,16248;-1,94576
1975-01-01;-0,36922;17,69231;11,63102;8,009431;20,30891;20,60302;20,63407;15,16057;21,8578415;11,08757;-0,02892;;0,58943;;;;2,37573;-2,29977
1975-04-01;4,90263;17,03704;10,46512;8,455818;24,2866;17,66784;11,39334;13,22373;23,9696037;9,684066;0,22558;;-2,44392;;;;7,47886;-1,83484
1975-07-01;2,52987;11,97183;10,79046;6,49566;26,56581;19,21296;-0,2016581;10,3377;26,4373717;8,733334;2,12879;;-3,33687;;;;8,85162;0,79862
1975-10-01;0,88188;14,28571;9,878049;3,992757;25,31132;19,26007;-5,543431;8,664021;28,2600111;7,249191;3,85164;;-0,79334;;;;12,59443;2,5548
1976-01-01;4,92567;13,0719;9,461078;2,982357;22,45288;21,04167;-10,06682;9,014267;22,3888314;6,357279;6,24024;;0,82721;;;;14,23104;6,1543
1976-04-01;2,02917;12,02532;8,421053;1,533934;15,97205;19,81982;-11,02502;9,406566;17,0631665;6,073889;7,15655;;2,34919;;;;14,33922;6,17398
1976-07-01;3,99407;13,83648;6,568516;1,301108;13,65049;21,74757;-6,960036;9,681449;13,8790948;5,518087;5,62489;;3,95632;;;;13,31898;4,95826
1976-10-01;6,50879;14,28571;5,882353;1,070601;14,92951;16,9708;-2,264325;9,433962;9,2678121;5,069403;4,58533;;4,95981;;;;11,1633;4,31152
1977-01-01;1,44797;13,2948;6,564551;0,9854322;16,5068;12,39243;6,265478;9,339679;10,501539;5,85774;4,37066;;3,29178;;;;9,12366;3,22684
1977-04-01;2,5666;13,55932;7,76699;1,389899;17,40908;11,69591;9,305798;8,944028;9,927587;6,847698;2,6888;;2,72256;;;;9,4006;4,4653
1977-07-01;1,30846;13,25967;8,395324;1,485996;16,57552;9,888357;9,555984;7,972665;9,434812;6,682161;2,81768;;2,13431;;;;13,76745;5,76999
1977-10-01;0,11586;9,375;9,119497;1,322329;13,07058;10,37442;8,085107;6,451613;10,5444094;6,605399;4,27848;;1,72581;;;;16,74142;5,01327
1978-01-01;1,3756;8,67347;9,034907;1,139322;9,496458;10,1072;3,985085;4,678999;13,0591512;6,606437;3,59013;;2,61624;;;;14,64884;4,11411
1978-04-01;0,78078;7,960199;8,808809;1,374897;7,679619;9,124907;2,185295;4,025424;13,2862303;6,961326;3,76569;;4,51042;;;;12,47648;6,07793
1978-07-01;2,75355;7,804878;9,215686;1,005908;7,849152;6,894049;1,431718;4,377637;14,6090535;7,95207;4,12163;;5,2429;;;;8,07339;5,24703
1978-10-01;3,93452;7,619048;8,837656;0,598541;8,091766;6,501767;2,559055;3,709509;16,7473872;8,943966;3,46927;;4,39561;;;;9,14526;6,65956
1979-01-01;6,03261;7,981221;8,945386;1,892958;9,582095;8,275382;2,823846;3,014553;15,3655395;9,745763;3,40179;;3,11946;;;;14,97224;6,51045
1979-04-01;3,47989;8,75576;9,383625;3,173715;10,58723;13,98218;5,079082;3,309572;20,2391559;10,7438;4,0652;;6,39434;;;;12,37749;2,6567
1979-07-01;2,87969;9,502262;8,797128;4,423644;15,97792;20,84182;7,947883;3,587671;18,3168761;11,7558;3,85923;;2,641;;;;7,27268;2,38945
1979-10-01;4,00325;10,17699;9,443954;5,092159;17,25897;21,49967;9,063766;4,987406;19,2197962;12,66073;3,574;;2,78946;;;;0,80739;1,28409
1980-01-01;1,68216;10,43478;9,507346;4,333344;19,08409;21,13038;12,05318;7,214934;26,8892549;14,28571;3,46766;;2,11388;;;;-2,66575;1,42055
1980-04-01;3,60727;11,01695;9,503785;3,877753;21,54841;18,76127;11,93555;8,082799;26,7657268;14,5056;2,06839;;-4,07647;;;;-3,91712;-0,77507
1980-07-01;3,19877;9,917356;10,47855;3,763491;16,35892;15,78652;10,86301;8,097561;28,8051794;12,86682;1,24141;;-2,02861;;;;0,68849;-1,62375
1980-10-01;2,98611;9,236948;10,96774;4,12225;15,27992;16,93064;10,63747;7,677543;31,9898906;12,64267;1,95817;;-4,06413;;;;-0,58647;-0,03905
1981-01-01;2,92607;9,448819;12,31255;5,840703;12,70267;16,9141;12,21552;6,588235;25,0544519;11,23311;3,43651;1,20795;-3,20353;;;;2,59537;1,6
1981-04-01;4,24132;8,396947;12,5192;5,984299;11,70065;13,72152;13,63636;4,924761;22,3028961;9,775968;4,61318;2,20588;-1,0263;;;;5,64358;2,96867
1981-07-01;5,78521;9,022556;12,69604;7,159805;11,25713;10,96555;13,73616;4,196751;22,6205786;10,84;3,75882;2,04089;0,17363;;;;7,99696;4,32572
1981-10-01;3,57287;11,02941;12,35465;6,950641;11,9036;8,080337;12,83139;4,099822;16,1842653;9,547935;1,87208;1,07366;1,38426;;;;12,8113;1,29983
1982-01-01;2,34086;10,79137;11,3844;5,340575;11,12828;10,56689;10,01907;3,134658;11,7995813;7,593014;-1,41758;0,41354;1,64014;;;;9,08777;-2,19052
1982-04-01;1,67918;10,91549;11,53584;5,878569;9,352681;9,082814;7,083333;2,607562;8,3523394;6,753247;-3,60648;-1,36724;2,46453;;;;9,0162;-1,01075
1982-07-01;-0,99392;12,41379;10,60305;5,572357;7,978605;8,570179;7,227186;2,771763;4,7580161;5,774089;-3,59452;-2,22752;1,58805;;;;6,83007;-2,55604
1982-10-01;-2,16912;11,25828;9,637774;5,821563;6,167066;9,593777;7,37782;2,482877;4,3359527;4,517965;-4,04284;-2,1571;2,16869;;;;8,48993;-1,44318
1983-01-01;-2,34529;11,36364;7,697161;4,796337;4,964159;9,351928;8,94911;2,140411;5,0670359;3,599153;-1,34563;-0,65762;3,94611;;;;12,53287;1,43147
1983-04-01;-3,39473;11,11111;5,875153;3,538732;3,783952;12,28571;12,31128;2,244812;3,6990892;3,336809;1,77229;0,08089;3,57959;;;;13,3458;3,26848
1983-07-01;-0,02722;9,202454;5,332534;1,782311;4,643963;13,45147;12,98914;1,474926;2,561751;2,62709;3,83648;1,13289;4,54008;;;;15,16645;5,73697
1983-10-01;3,27481;8,630953;4,660767;1,774937;5,050712;12,06625;13,05616;1,670844;2,4067701;3,301566;6,10653;1,88419;4,59076;;;;12,45215;7,89966
1984-01-01;6,91207;5,830904;5,155243;2,966568;5,157476;12,11553;12,34996;2,430847;1,9395519;4,529973;6,20856;2,06697;3,47385;;;;12,3992;8,57805
1984-04-01;8,34908;4;4,624278;2,953216;5,144341;11,45038;8,495011;2,029826;2,1559541;4,339051;6,17509;2,50788;1,73033;;;;11,76544;7,99653
1984-07-01;6,3473;3,651685;3,811149;2,80373;4,714004;9,513667;7,058204;2,242525;2,3509687;4,255319;5,44696;3,63019;1,30886;;;;9,23262;6,90073
1984-10-01;5,29667;2,465753;3,664036;3,002133;4,837137;8,866995;5,793549;2,30074;2,6475213;4,085667;5,77761;4,05102;2,38482;;;;8,98331;5,57564
1985-01-01;4,21068;4,407713;3,62117;3,818898;5,502947;4,416193;4,582314;2,00491;1,902649;3,584229;5,57424;4,35368;2,50075;;;;7,34367;4,55482
1985-04-01;5,30223;6,593407;3,977901;3,598323;6,968751;4,924984;6,194916;2,151847;2,2572869;3,739523;3,89754;4,49412;5,75735;;;;7,24152;3,68399
1985-07-01;5,7476;7,588076;4,109589;3,220783;6,302005;4,797407;5,227552;2,355808;2,7286957;3,348214;4,76607;3,00809;4,96624;;;;7,00287;4,26242
1985-10-01;4,75146;8,28877;4,132681;3,110551;5,510506;4,751131;6,195878;1,646586;2,9407495;3,51377;4,72885;3,0273;3,16061;;;;9,7317;4,18246
1986-01-01;3,94076;9,234829;4,301075;1,478792;4,929322;5,831464;8,012308;1,56438;3,610254;3,082731;3,09188;2,10542;3,25336;;;;8,78663;4,14611
1986-04-01;1,52489;8,505155;3,931987;0,826201;2,768045;3,699099;8,443589;0,8744038;3,2426061;1,615911;3,35197;2,16064;1,98268;;;;10,36759;3,702
1986-07-01;0,46563;8,816121;4,157895;0,603855;2,621461;4,670585;8,860315;0,2380952;2,7192902;1,635298;2,18469;2,02042;2,64183;;;;13,83726;3,11918
1986-10-01;2,44986;9,62963;4,386423;0,1003607;3,443478;9,071275;9,544045;-0,2370605;1,4526991;1,284404;-0,07842;1,06806;4,5562;;;;12,19256;2,90724
1987-01-01;2,75492;9,42029;4,020618;0,8807663;3,972366;8,749621;8,432088;-0,8293839;0,8140603;2,197132;2,283;0,69667;4,19918;;;;13,6082;2,71158
1987-04-01;4,57493;9,263658;4,652352;1,125568;4,193658;9,56235;8,052351;0,1576044;2,4294383;3,761468;3,00127;0,76905;4,81544;;;;14,76294;3,3536
1987-07-01;6,17528;8,333333;4,547751;1,769226;4,325613;9,988179;9,363256;0,4354711;3,4876501;4,189435;4,44366;1,90232;6,72896;;;;11,08687;3,26199
1987-10-01;6,53329;7,207207;4,202101;1,987933;4,102219;8,826025;9,299644;0,7524753;5,4648455;4,498792;6,56437;2,79559;5,90447;;;;11,60698;4,47456
1988-01-01;5,96819;6,843267;4,112983;1,722513;3,176335;8,741648;9,457755;0,7566707;7,4930639;3,971335;5,67444;3,21309;6,87119;;;;16,46406;4,24126
1988-04-01;4,38009;7,173913;3,95701;2,074306;3,785486;8,645691;9,802916;0,1966955;7,2079984;3,919835;5,26371;2,97882;5,85883;;;;8,56988;4,48449
1988-07-01;3,37531;7,264957;3,963267;1,873519;4,626928;8,758732;8,885616;0,5912495;7,0829028;4,108392;3,69503;2,89319;4,60383;;;;10,90304;4,1932
1988-10-01;2,91681;7,563025;4,080653;1,819922;5,005702;6,13465;9,410072;1,061321;6,8168487;4,305114;3,07502;4,03568;4,25591;;;;12,22831;3,79934
1989-01-01;3,53544;6,818182;4,47406;2,26879;5,8;6,323605;8,411748;1,067194;5,5890492;4,824813;2,76869;4,06;3,09024;;;;4,24652;4,31516
1989-04-01;5,66962;7,505071;4,93421;2,860316;5,8;7,202216;7,692179;2,748331;5,6030246;5,218378;2,26102;5,1159;3,1964;;;;8,105;3,74791
1989-07-01;5,64268;7,968128;5,29986;3,113647;5,6;5,879447;7,160467;2,742947;5,6531295;4,673944;2,61499;4,62175;2,08899;;;;7,49578;3,90754
1989-10-01;3,74087;7,8125;5,212177;4,367133;5,7;6,269899;5,189621;2,60599;5,9486642;4,598338;1,71275;3,93722;1,26487;;;;8,40687;2,74321
1990-01-01;3,54089;8,704062;5,421412;4,965949;6,1;6,14014;6,048387;3,558858;7,6423022;5,232877;1,5179;5,65282;1,28848;;;;9,46367;2,82101
1990-04-01;1,48989;7,735849;4,612629;4,901937;8;5,825699;8,102767;2,560184;8,7555551;4,58221;0,7188;4,32834;1,33317;;;;10,29445;2,4127
1990-07-01;0,11519;6,088561;4,15011;5,840808;8,8;9,30938;9,195402;2,555301;8,9859451;5,53476;-0,36276;3,27356;0,06021;;;;11,01338;1,72736
1990-10-01;0,96434;6,884058;4,953968;5,891386;9,2;9,910117;12,33397;3,601213;8,8791752;6,223517;-1,05299;1,66654;-0,43326;;;;8,77828;0,60306
1991-01-01;-1,16304;4,80427;6,439066;5,863311;8,4;9,414701;15,01901;3,738671;9,7412181;5,285082;-3,4054;-0,16764;-1,42566;;;;11,71973;-0,9502
1991-04-01;-1,42844;3,327496;6,207192;6,249973;7,7;9,522753;12,43144;3,390462;8,8581531;4,845361;-2,5508;-1,56933;-2,19397;;;;11,09776;-0,53893
1991-07-01;-0,43212;3,130435;5,807546;6,064383;7,3;9,114194;14,38597;3,198215;9,3230134;3,876362;-1,71719;-1,28627;-1,30485;;;;9,92727;-0,10281
1991-10-01;-0,95298;1,525424;4,093567;5,276262;6,5;9,62466;13,68243;2,780827;9,4184609;2,991773;-0,65996;-0,69049;-0,68184;;;;10,43396;1,1664
1992-01-01;1,12358;1,697793;1,583435;4,772809;6,3;9,827908;13,38843;1,892974;7,1525802;2,868447;0,86117;-0,14507;-0,22137;;;;8,33728;2,85894
1992-04-01;1,99895;1,186441;1,370415;4,376414;5;9,221726;13,98374;2,27027;7,0048444;3,097345;0,49378;0,7824;-0,26166;;;;7,31447;3,16984
1992-07-01;2,56446;0,8431703;1,201923;3,613425;4;6,318466;11,50307;1,801802;6,0280689;3,097561;0,90429;-0,10588;0,40818;;;;5,13165;3,66539
1992-10-01;4,6423;0,3338898;1,805779;3,412349;3,3;4,973221;8,618128;0,9611962;4,7365814;3,050109;1,3012;-1,10974;1,05799;;;;4,16458;4,38265
1993-01-01;4,54475;1,168614;2,118305;3,498271;3,1;9,193883;5,685131;1,321901;4,6242906;3,197115;1,87248;-2,05277;1,596;;;;4,37977;3,31991
1993-04-01;4,4188;1,842546;1,789264;3,500524;2,3;9,445166;5,706134;0,845666;4,6779439;3,147353;2,6834;-0,78018;2,21053;;;;6,31148;2,80667
1993-07-01;3,52157;2,173913;1,741884;3,484267;2,5;9,825207;5,639615;1,769912;4,4355643;2,744263;3,10693;0,56974;2,65967;;;;8,19836;2,28651
1993-10-01;3,26129;1,830283;1,813165;2,695828;2,2;10,20408;8,207934;1,093089;5,4602565;2,724924;2,96132;1,72898;2,5667;;;;8,57441;2,60771
1994-01-01;4,23756;1,485149;0,5479452;1,738351;2,4;7,918396;9,655172;1,198872;6,5197002;2,515723;3,82028;2,51528;3,06202;;;;9,5604;3,43071
1994-04-01;4,87545;1,809211;0;0,6510833;2,4;7,61275;10,39136;0,7686932;5,8390572;2,380952;4,38507;0,40185;3,54443;;;;8,56298;4,22561
1994-07-01;5,54865;1,963993;0,155642;0,5570138;2,1;8,895963;11,06771;0;6,9121849;2,878195;4,72182;1,07376;3,64021;;;;8,39084;4,33705
1994-10-01;4,73904;2,614379;-0,0387147;0,4722069;2,1;9,656085;9,860935;0,8022323;5,8005648;2,652641;5,03327;1,22849;3,38992;;;;10,53579;4,11617
1995-01-01;3,05757;3,739837;1,5181;1,361256;2,4;9,147709;9,81132;0,2090592;4,7589144;2,840264;4,45812;-0,02197;2,91042;;;1,29997;9,64825;3,48141
1995-04-01;2,27713;4,523425;2,695313;1,904537;2,5;10,47739;10,1467;-0,0346741;4,8255387;3,093249;2,99886;1,24381;2,18609;;;2,82247;10,06926;2,40238
1995-07-01;3,76876;5,136436;2,331002;1,992972;2,9;9,292308;10,78546;0,0347826;3,9037847;2,641003;1,8295;0,89741;2,2922;;;2,84806;10,49541;2,67333
1995-10-01;2,73457;5,095541;2,052672;1,940704;3;8,790711;10,12658;-0,5536332;4,4492283;2,650924;1,50311;0,13091;2,16501;;;3,50734;8,30541;2,19979
1996-01-01;4,37279;3,761755;1,457055;1,065054;3;10,62674;8,82016;-0,3477052;4,6743465;2,739726;0,72494;1,05217;2,31158;;;3,20313;8,11195;2,60131
1996-04-01;4,57547;3,09119;1,445416;0,7911302;2,8;7,986309;9,322974;0,1387444;4,875057;2,847131;1,39894;0,50717;2,43179;;;3,55131;8,11018;4,00238
1996-07-01;3,11112;2,137405;1,404708;0,6081141;2,7;7,052365;8,571428;0,2086231;5,0648788;2,943742;2,11562;-0,15708;2,25288;;;2,48539;7,7745;4,05013
1996-10-01;4,01507;1,515152;1,973435;0,7837127;2,9;6,361746;9,195402;0,5567154;5,0771465;3,190104;2,51096;0,44052;3,32434;;;3,36894;7,58516;4,42145
1997-01-01;3,03184;1,359517;2,116402;0,7325879;2,4;4,444739;10,63158;0,5931612;4,692188;2,946237;3,73398;1,18132;4,29013;;;2,80071;6,06486;4,31407
1997-04-01;5,47394;0,2998501;1,612298;0,526815;2,1;4,873217;7,715736;1,974368;4,042204;2,342419;4,15982;1,7128;5,10002;;3,27187;0,74654;7,65594;4,31127
1997-07-01;4,76137;-0,4484305;1,722201;0,4671831;2,3;6,364234;5,068226;2,116586;3,969288;2,202923;4,51682;2,90553;5,09112;;3,99521;0,81287;6,6327;4,6747
1997-10-01;5,34065;-0,2985075;1,042054;0,3549454;2,1;9,173834;5,550239;2,110727;5,0521145;1,871714;4,69735;3,17181;5,20827;;4,01085;-0,26415;4,38078;4,48355
1998-01-01;5,33982;-0,1490313;1,036269;0,0037682;1,8;27,7185;9,03901;1,942421;8,9346446;1,462294;4,77182;3,08474;4,3016;;4,91695;-1,72509;-3,18906;4,85553
1998-04-01;3,25894;0,7473841;0,9963099;0,0535116;2;49,66629;10,36758;0,3396739;8,1717215;1,602164;3,66075;3,95251;3,81937;;5,85828;-1,42261;-7,26388;4,09279
1998-07-01;5,07652;1,351351;0,8465219;0,0921524;1,7;76,32587;15,39889;-0,2038736;7,0310724;1,595855;3,37974;2,78308;3,19941;;6,50887;-1,43861;-6,38483;4,10345
1998-10-01;5,16735;1,497006;1,104972;-0,0775893;1,7;78,3958;17,86038;0,5421891;5,9736649;1,548307;3,77759;1,89754;2,37356;;6,20471;-0,6859;-3,60861;4,88313
1999-01-01;5,2669;1,19403;0,7692308;0,2760184;2;55,74895;8,987783;-0,1020755;0,7090031;1,667696;4,18033;1,02973;2,33988;;6,19852;-0,83825;6,5834;4,81634
1999-04-01;4,60585;1,038576;1,6076;0,5812104;1,8;30,86243;7,087959;-0,2708192;0,5930779;2,109359;4,98397;0,57599;2,17416;;7,53136;-0,02717;12,16131;4,72189
1999-07-01;3,83268;1,777778;2,189781;0,9662702;1,6;6,639557;2,813505;0;0,6513097;2,345981;5,6667;1,17368;3,47094;;6,92997;0,32547;13,30117;4,79112
1999-10-01;3,97432;1,917404;2,367942;1,402893;1,5;1,699451;0,4615385;-1,011122;1,2962019;2,622484;5,71464;3,73301;4,26195;;7,28888;-0,43963;13,73251;4,82357
2000-01-01;3,63873;2,80236;2,65358;1,563958;1,1;-0,5939077;3,682946;-0,613079;1,9245152;3,240178;5,46561;4,31584;4,82067;;7,79075;2,6695;12,47461;4,22474
2000-04-01;4,23795;3,0837;2,445164;1,607336;1;1,093037;5,263158;-0,712831;1,5870011;3,329322;5,83402;4,12214;5,0938;;5,21917;2,75841;9,18747;5,24446
2000-07-01;3,31179;6,113537;2,714286;1,483809;1,2;5,680473;4,143862;-0,6469186;2,9817234;3,508073;5,26884;4,56304;4,10407;;5,30476;2,24307;9,15924;3,97317
2000-10-01;1,21554;5,788712;3,060498;1,579184;1,4;8,763158;2,986217;-0,783112;2,5399646;3,4271;4,01978;3,46913;3,2935;;3,63806;3,1989;5,75277;2,90559
2001-01-01;1,83542;6,025825;2,76204;1,016693;1,3;9,334447;2,934363;-0,4112406;3,6934039;3,393488;2,99272;2,57398;2,94386;4,02958;2,0557;2,2275;5,05792;2,19751
2001-04-01;1,76325;6,125356;3,580204;1,504252;1,8;11,15563;2,727273;-0,7179487;5,0433681;3,377329;2,11478;2,5579;2,64278;5,7014;4,03951;0,98367;5,02306;0,9963
2001-07-01;2,64906;2,469136;2,7121;1,025491;1,8;12,75974;4,654655;-0,719671;4,2461529;2,695937;1,00761;1,54593;2,52953;3,20874;3,94624;-0,13756;3,58766;0,48924
2001-10-01;4,3003;3,146375;1,070442;0,4138341;1,4;12,64215;4,758364;-0,9265614;3,2969901;1,857882;1,41284;-0,12578;2,20658;1,7447;6,2882;-1,44399;5,75661;0,16732
2002-01-01;4,00916;2,976996;1,550655;0,5617604;1,7;14,54845;5,101275;-1,376462;2,5249858;1,252134;2,31973;0,11437;1,5688;3,7242;6,56987;-2,00015;7,13458;1,33726
2002-04-01;4,94602;2,818792;1,355473;0,689405;1,3;12,69097;4,498525;-0,8608816;2,6885236;1,295531;2,60162;-0,06018;1,6171;3,99376;5,04817;-0,46345;7,6774;1,32538
2002-07-01;4,04769;3,212852;2,335816;0,3053551;1,3;10,37793;4,017217;-0,7939247;2,5153841;1,59385;3,56162;-0,12309;1,75983;5,30671;4,38065;0,95072;8,39095;2,14652
2002-10-01;3,61666;2,917772;3,792279;1,014421;1,6;10,2191;3,619588;-0,5542085;3,3170638;2,200075;3,50962;-0,18013;2,21773;4,95862;2,11781;1,58455;7,68239;1,99252
2003-01-01;3,03786;3,285151;4,479131;1,044933;1,5;7,802001;3,783012;-0,2442428;4,0748243;2,866779;2,58553;-0,66101;2,69299;5,04781;3,58059;1,46723;4,31823;1,67926
2003-04-01;1,70748;2,610966;2,774992;0,5446356;1,3;7,215029;4,728299;-0,24314;3,304753;2,131603;1,83505;-1,1536;3,14289;4,89062;5,54613;1,3496;2,30355;1,95507
2003-07-01;3,15079;2,594034;2,084023;0,4460655;1,4;6,378087;3,37931;-0,243563;3,1670026;2,196383;1,33948;-0,05149;3,36573;4,64627;7,68505;1,32602;2,21416;3,23114
2003-10-01;4,10303;2,448454;1,744569;0,5199609;1,3;5,695493;3,356164;-0,3134796;3,5215986;1,895124;1,47875;1,58168;3,37764;4,54743;11,13362;2,15112;3,77332;4,30044
2004-01-01;4,68126;2,035623;0,9093862;0,0551516;1,3;4,83917;3,988996;-0,1399091;3,2477581;1,785064;1,65109;2,54816;3,02229;4,41314;9,08313;2,8304;5,77268;4,34195
2004-04-01;4,9481;2,544529;2,212101;0,8657903;1,3;6,383785;2,695418;-0,3133705;3,4102312;2,867514;3,00491;3,63355;2,66905;4,4772;8,9182;2,15056;6,74479;4,22749
2004-07-01;3,94824;2,2756;2,009073;0,908133;1,3;6,709896;4,202802;-0,104639;4,3321007;2,727108;3,83457;2,44771;2,15655;4,65218;8,66936;2,46646;5,14562;3,49486
2004-10-01;2,95106;2,515723;2,296991;1,380611;1,5;6,305891;4,17495;0,524109;3,3710944;3,322499;3,86993;1,4808;1,87529;6,54704;7,25254;1,17455;3,21813;3,3511
2005-01-01;2,97322;2,369077;2,124236;1,352147;1,8;7,74747;4,232804;0,0350263;3,2507913;3,042233;3,48123;1,82693;2,23745;6,16374;8,73418;0,9514;2,8064;3,90884
2005-04-01;2,76467;2,48139;1,909612;1,059073;1,9;7,661147;4,002625;-0,1047852;2,9784816;2,946366;3,00863;2,07452;2,48946;6,11056;9,57187;1,72402;3,95275;3,61774
2005-07-01;3,12714;3,090235;2,604828;1,182121;2,4;8,397182;3,713188;-0,3142458;2,3357678;3,83263;3,03873;3,27342;2,89265;5,99007;8,49515;2,12327;5,09134;3,4486
2005-10-01;3,15094;2,822086;2,213789;1,097029;2,2;17,7825;5,025445;-0,7646855;2,4618633;3,739951;3,31641;4,20005;3,32701;4,55414;9,12449;2,50329;5,35682;2,97274
2006-01-01;2,51402;2,923264;2,363694;1,23424;2,1;16,90396;4,505076;-0,140056;2,0804782;3,6471;3,79176;4,52354;3,09751;5,08329;9,93377;2,13861;6,18025;3,21311
2006-04-01;2,24055;3,995157;2,560899;1,327459;2,4;15,51375;5,949156;0,1748252;2,2385749;4,010283;3,09852;4,25477;2,64404;5,21999;8,08975;1,50554;4,97506;2,9729
2006-07-01;2,65718;3,956835;1,733746;1,222846;2,5;14,87184;6,223156;0,6304728;2,5239113;3,335591;2,15078;3,84846;2,1215;5,75075;10,12762;0,28866;5,0874;2,32528
2006-10-01;3,11422;3,341289;1,361386;0,4588559;2,7;6,052351;6,464124;0,3502627;2,1248411;1,937332;1,54904;4,04131;1,70179;5,93137;9,25047;1,46659;4,84489;2,63456
2007-01-01;4,44349;2,485207;1,816502;0,0877767;2,8;6,359673;7,002801;-0,1051893;2,0040717;2,424095;1,37407;3,37022;2,13385;6,25039;9,55723;1,97044;4,88091;1,57672
2007-04-01;4,86465;2,09546;2,192448;0,5242772;2,6;6,024269;6,318681;-0,069808;2,4484977;2,650684;2,3019;4,14725;2,48246;6,65945;10,72776;1,8534;5,92179;1,93437
2007-07-01;4,51021;1,845444;2,13025;0,6343362;2;6,506825;6,702413;-0,1392273;2,300707;2,360478;2,39696;4,29044;2,8935;6,62237;9,11082;1,50878;5,46301;2,36804
2007-10-01;3,67254;2,886836;2,411477;1,679461;2,3;6,72406;5,511811;0,4886562;3,3794968;3,974384;2,12486;3,87212;2,96617;5,85795;10,89759;0,5871;6,90462;2,13336
2008-01-01;3,27068;4,272517;1,784094;2,473982;2,5;7,646182;6,282722;0,982801;3,8016772;4,095428;1,55337;4,23889;2,50302;6,41535;8,53763;0,27775;5,56756;1,39247
2008-04-01;2,92164;4,446979;2,353993;2,684125;3,3;10,21269;7,751938;1,327279;4,8450733;4,379385;0,94851;3,7734;1,26155;6,26927;6,97469;-0,33722;4,31522;1,37601
2008-07-01;2,48275;4,983013;3,426698;2,974479;4,5;11,89322;9,045226;2,161032;5,5409218;5,302814;1,39812;3,42497;-0,96421;6,07297;6,00342;-1,0306;3,94615;0,26597
2008-10-01;1,61391;3,703704;1,907601;1,581499;3,7;11,08509;10,19901;1,042028;4,4954311;1,601687;0,09004;-0,57769;-3,63532;5,31991;2,66643;-3,90325;-1,58998;-2,54115
2009-01-01;1,55372;2,436323;1,247772;-0,0163853;2,9;7,653816;9,359606;-0,1042753;3,911027;-0,0402325;-2,24192;-3,19663;-6,05942;4,48842;0,16417;-8,85162;-1,89619;-3,23423
2009-04-01;1,92554;1,419214;0,0582242;-0,7498824;2;4,7603;8,872902;-0,9307135;2,7657584;-1,150445;-3,64751;-3,73473;-5,90641;4,20047;4,88252;-6,51656;-1,10636;-3,97884
2009-07-01;1,5682;1,186624;-0,8643042;-0,9702351;1,4;2,765579;11,75115;-2,251791;1,9800982;-1,62336;-4,00541;-2,92711;-4,37554;4,37044;6,63314;-5,37874;1,02893;-3,13282
2009-10-01;2,82017;2,056277;0,7897046;-0,1779382;1,6;2,588428;13,31828;-2,028188;2,4067306;1,443934;-1,75005;0,6862;-2,01323;5,73325;8,76762;-1,78892;5,23943;0,10557
2010-01-01;2,29903;2,918919;1,61385;1,118504;2,4;3,657146;15,31532;-0,8698678;2,9843258;2,360525;1,73604;3,50131;0,96456;6,02967;13,69473;4,2602;7,20468;1,74527
2010-04-01;2,22064;3,121636;1,396567;0,9880827;2,5;4,371473;13,65639;-0,8002784;2,6630936;1,767765;3,38397;3,62917;2,40014;6,4796;10,03998;3,49178;7,80456;2,9136
2010-07-01;2,58386;2,878465;1,830863;0,3316418;2,3;6,150381;10,30928;-1,012216;2,873929;1,175609;3,64416;2,73318;2,90362;6,41659;10,47142;5,39967;5,88125;3,34421
2010-10-01;2,64659;2,757158;2,263494;0,3181066;2,7;6,31636;9,163346;-0,2807018;3,2344918;1,270248;3,60308;2,95998;2,68861;6,5738;10,68164;3,27044;6,37778;2,77596
2011-01-01;1,8895;3,256303;2,598903;0,5979713;3,5;6,830616;8,984375;-0,5265005;3,8383287;2,141127;3,14251;2,55291;1,9968;6,37383;9,85149;1,12101;5,30737;2,0378
2011-04-01;2,51837;3,549061;3,357245;0,3971071;3,8;5,891747;8,914729;-0,3858295;3,9820301;3,430395;2,79147;2,47174;1,0134;6,14237;8,57394;-0,94948;3,85124;1,74371
2011-07-01;3,23108;3,419689;2,996575;0,3833669;4;4,667863;9,158878;0,1410437;4,3163283;3,756174;3,47356;1,66616;0,76536;6,15918;5,4526;-0,3529;3,20559;0,94265
2011-10-01;3,42364;2,992776;2,6958;-0,4512661;4;4,118231;8,39416;-0,3166784;3,9645269;3,293777;3,13887;0,94817;0,81822;6,0122;4,73925;0,3399;2,44391;1,54308
2012-01-01;4,7678;1,62767;2,336054;-0,8760378;3,1;3,724921;7,168459;0,3175723;3,0125592;2,815192;2,42393;0,87291;1,43789;6,09087;4,27654;2,81269;2,37544;2,63807
2012-04-01;4,24475;1,209677;1,582454;-1,018959;2,5;4,495066;10,14235;0,1760563;2,4287502;1,889765;2,5707;0,55701;1,18348;6,12439;4,22122;2,75516;2,45203;2,40334
2012-07-01;3,41443;2,004008;1,219174;-0,5262947;2,2;4,48568;9,760274;-0,4225352;1,6099975;1,697784;1,32469;1,7608;1,84232;6,00231;6,09503;-0,05934;2,37605;2,57371
2012-10-01;2,80775;2,204409;0,939486;-0,3438655;2,4;4,40657;10,10101;-0,2470879;1,7155826;1,889365;0,73267;1,62915;1,58664;5,9076;5,63357;0,01857;2,40657;1,55185
2013-01-01;2,26949;2,502502;0,9075907;-0,3736483;2,5;4,726128;11,70569;-0,6683081;1,5573305;1,681829;1,57023;1,51281;0,9939;5,78263;5,86067;0,00794;2,40024;1,70087
2013-04-01;1,95646;2,390438;0,7652364;-0,4235046;2,4;5,229061;10,66236;-0,2811951;1,2155789;1,39285;1,82416;1,9681;1,86487;5,57671;6,11797;1,83392;3,01136;1,51994
2013-07-01;2,17946;2,1611;1,14974;-0,0342748;2,4;7,871714;10,76443;0,884017;1,3658498;1,553359;2,52117;1,8086;1,73821;5,4952;5,9169;3,21062;3,42604;2,23702
2013-10-01;2,51879;2,745098;0,9307418;-0,0364429;1,9;7,754348;10,55046;1,415428;1,0682578;1,233471;3,38136;2,0653;2,56736;5,38353;6,97856;3,15491;3,80955;3,00914
2014-01-01;2,80658;2,929688;1,390025;-0,0280278;1,6;7,761377;6,886228;1,522663;1,1283807;1,405456;2,63735;2,21612;3,11964;5,15059;6,51555;2,56483;3,80648;1,65082
2014-04-01;2,91904;3,015564;2,22403;0,1028157;1,6;7,089409;6,861314;3,560099;1,6076535;2,050846;2,97989;2,29931;3,27429;5,10518;7,44605;-0,17383;3,50424;2,68915
2014-07-01;2,52943;2,307692;2,083897;0,005252;1,5;4,351557;6,760563;3,364879;1,3810692;1,783154;3,11907;2,15646;3,19248;4,95393;7,68365;-1,03238;2,95346;3,05978
2014-10-01;2,09723;1,717557;1,925685;-0,1330782;1,1;6,475784;4,979253;2,581996;0,9829003;1,248028;2,75638;2,60973;3,19619;4,82425;6,9807;-0,46463;2,5658;2,68584
2015-01-01;2,28483;1,328273;1,075269;-0,7334286;0,4;6,542981;6,582633;2,302058;0,6964376;-0,0626959;2,01186;1,83415;2,65667;4,87;7,53621;0,26361;2,46938;3,9693
2015-04-01;1,90115;1,510859;0,902096;-1,113939;0,3;7,065006;5,874317;0,5786249;0,5632339;-0,038272;0,81439;1,57803;2,36405;4,77121;7,38071;2,25449;2,07781;3,27909
2015-07-01;2,4948;1,503759;1,193001;-1,374063;0,4;7,089158;4,617414;0,1017294;0,6463746;0,1095034;0,21478;1,5335;1,99984;4,84982;7,40225;2,26644;3,23967;2,44732
2015-10-01;2,70883;1,688555;1,330495;-1,353652;0,4;4,811763;6,455863;0,2380952;0,9198302;0,4662646;-0,40716;1,35616;1,87105;5,01135;7,92964;1,61502;3,4401;2,11986
2016-01-01;2,67738;1,310861;1,542553;-0,9853968;0,7;4,335105;5,65046;0,0340948;0,8593293;1,080267;0,74303;1,98238;1,93889;4,98565;9,22258;0,81593;2,9381;1,79502
2016-04-01;3,23077;1,023256;1,551407;-0,3886943;0,7;3,461163;6,193548;-0,3722504;0,8402948;1,047063;0,51559;2,12216;1,91032;5,09954;8,83672;0,51955;3,70268;1,49325
2016-07-01;2,23071;1,296296;1,231333;-0,1758546;1;3,024735;5,296343;-0,4742548;0,7347709;1,117615;1,19635;2,27453;1,88798;5,07528;9,31263;0,61356;2,62627;1,80576
2016-10-01;2,74281;1,476015;1,391807;-0,1861681;1,5;3,302582;2,722772;0,3053953;1,452135;1,800621;1,69668;1,95965;1,94704;4,9723;8,59624;0,93841;2,53404;2,18157
2017-01-01;2,17379;2,125693;1,911996;0,5210742;2,2;3,645384;2,363184;0,3408316;2,2000594;2,53932;2,37053;1,61716;2,43465;5,03378;6,37718;1,00074;3,25506;2,08746
2017-04-01;2,13135;1,933702;1,320559;0,3713557;2,6;4,291568;1,45808;0,4076087;1,921803;1,901991;3,96592;1,1848;2,51922;5,02421;6,66749;1,5323;2,77262;2,33041
2017-07-01;3,02459;1,828154;1,371636;0,4813237;2,7;3,80633;2,39521;0,6126617;2,2181622;1,966925;2,93038;1,03615;2,78791;5,06644;5,99656;2,15793;3,78263;2,41082
2017-10-01;2,35431;1,909091;1,787102;0,762147;2,8;3,498203;3,73494;0,5751015;1,4410399;2,117558;2,87545;1,90404;2,87456;5,1523;6,53471;2,13239;2,83017;2,99414
2018-01-01;3,05599;1,900452;2,056027;0,7212598;2,5;3,277836;4,73876;1,290761;1,0763494;2,214195;2,77823;2,88688;2,07281;5,17932;7,95815;1,41692;3,11116;3,32881
2018-04-01;3,1885;2,077688;2,300025;0,9830431;2,2;3,254239;3,952096;0,67659;1,4925118;2,711887;2,50107;3,75527;1,58883;5,17797;7,16527;1,3831;3,03823;3,29896
2018-07-01;2,67827;1,885099;2,680623;1,13349;2,3;3,089823;5,614035;1,116373;1,5470042;2,64094;2,98577;2,81742;1,28309;5,1818;6,90282;-0,00311;2,24736;3,13003
2018-10-01;2,48045;1,784121;2,035623;0,9067588;2,1;3,173185;5,110337;0,8745375;1,7866281;2,203131;2,70727;1,97703;0,68527;5,15845;6,48324;-0,25537;3,24003;2,12511
2019-01-01;2,00467;1,332149;1,611685;0,6227953;1,8;2,624685;7,076566;0,3018109;0,5424197;1,644936;1,77134;1,05542;1,36081;5,10633;5,32119;-0,10187;1,89269;1,85129
2019-04-01;1,57585;1,59292;2,148389;0,647432;2;3,144166;8,525346;0,7392473;0,6521981;1,811376;2,08916;0,531;1,51878;5,11647;5,46783;-0,08766;2,30177;2,15405
2019-07-01;1,72394;1,674009;1,939334;0,2593236;1,8;3,400159;6,423034;0,3345601;0,04459;1,757488;1,86082;1,34897;1,91888;5,04165;4,59268;0,62009;2,09705;2,67026
2019-10-01;1,96053;1,840491;2,094763;-0,0765274;1,4;2,9494;8,618785;0,5001667;0,295617;2,032914;1,91157;1,69937;1,76601;4,8186;3,22365;-2,01885;2,67745;3,18256
2020-01-01;1,1833;2,191061;1,80917;-0,1261417;1,7;2,920582;6,608884;0,6686727;0,9666483;2,118652;-0,31555;0,14939;-1,7192;2,89074;2,27349;-1,7446;1,43572;1,22655
2020-04-01;-6,15677;-0,3484321;0,0244559;-1,220927;0,8;2,112967;5,201698;0,1334223;0,0087066;0,3642956;-12,24152;-7,0003;-21,94415;-5,39481;-21,92112;-9,70445;-2,68617;-7,52846
2020-07-01;-3,2143;0,6932409;0,2682927;-0,8620005;0,8;1,199383;5,530673;0,0333445;0,7218354;1,222386;-4,53691;-1,06912;-9,50895;-3,45179;-4,83807;-4,86232;-0,84522;-1,46893
2020-10-01;-0,34687;0,8605852;0,7816316;-0,6896046;0,8;1,46846;4,952394;-0,928998;0,454149;1,239488;-3,02063;-1,18725;-8,26051;-2,22438;1,01489;-0,36233;-0,71811;-1,08329
2021-01-01;2,01276;1,114923;1,436222;-0,4310983;0,9;1,431441;4,435952;-0,5313849;1,4224325;1,898514;0,33215;0,57205;-6,65986;-0,57575;2,30001;-0,59298;2,36246;1,57261
2021-04-01;10,57253;3,846154;3,349633;0,49446;2,1;1,477457;5,325812;-0,7328448;2,487862;4,848945;12,38112;10,45288;25,73185;7,13424;22,16256;8,1706;6,47465;11,95027
2021-07-01;4,58191;3,012048;4,062272;0,8342547;2,7;1,569749;4,824363;;2,5352675;5,335693;4,75392;5,54657;9,51712;3,79135;8,98407;2,07121;4,19799;4,73532
2021-10-01;5,38625;3,498293;4,726127;1,435084;4,4;1,760552;4,969291;;3,5462409;6,689106;4,43616;5,33448;9,69349;4,71865;4,54086;1,34076;4,24876;5,42109
2022-01-01;3,62882;5,089058;5,831533;2,062541;5,5;2,2913;5,409193;;3,8067398;7,966707;3,94344;4,94842;11,41556;4,69207;3,63279;0,45692;3,09508;3,56508
2022-04-01;3,52612;6,144781;7,546723;2,958964;7,9;3,791721;6,484548;;5,4070831;8,635612;5,24816;3,29842;3,8988;5,30045;13,10964;1,16572;2,96201;1,8706
2022-07-01;5,75397;7,26817;7,152875;3,379309;8,7;5,193343;6,041723;;5,8764358;8,329475;3,98317;1,40002;2,06653;6,08838;5,50065;1,50854;3,07153;1,71321
2022-10-01;2,31458;7,831822;6,665124;2,932198;9,4;5,545011;5,664894;;5,2464178;7,101672;2,15606;1,13817;0,64262;5,15611;4,63684;0,63121;1,34504;0,65169
2023-01-01;2,37125;7,021792;5,147392;3,199217;9;5,2389;6,035629;;4,7429204;5,80477;1,80066;1,51403;0,36588;4,9637;6,288;2,47777;1,01211;1,71793
2023-04-01;2,04583;6,026963;3,519578;2,14334;7,7;3,948837;5,027209;;3,2297059;3,974292;1,19504;0,40103;0,31661;4,91954;7,27956;2,27366;0,86993;2,38247
2023-07-01;2,05359;5,373832;3,686737;1,604662;6,3;2,872948;6,387328;;3,1352478;3,51429;0,46508;0,42638;0,26575;4,93029;7,02033;1,62597;1,2547;2,92689
2023-10-01;;4,051988;3,211109;1,61726;4,4;2,679914;4,78228;;;3,243401;;;;;;;;
2024-01-01;;3,61991;2,846668;1,163635;3,9;2,570625;4,563691;;;3,241019;;;;;;;;
2024-04-01;;3,81451;2,741181;1,361983;2,9;2,643162;3,799654;;;3,198886;;;;;;;;
2024-07-01;;2,808573;2,040816;1,064545;2,9;1,94059;2,929875;;;2,621493;;;;;;;;
2024-10-01;;2,424688;1,91297;0,6600044;3,4;1,581365;3,939467;;;2,744968;;;;;;;;
2025-01-01;;2,401747;2,285594;0,3561095;3,6;0,5648469;2,877698;;;2,7363;;;;;;;;